<?xml version="1.0" encoding="UTF-8"?>
<project-private xmlns="http://www.netbeans.org/ns/project-private/1">
    <editor-bookmarks xmlns="http://www.netbeans.org/ns/editor-bookmarks/2" lastBookmarkId="0"/>
    <open-files xmlns="http://www.netbeans.org/ns/projectui-open-files/2">
        <group>
            <file>file:/D:/KYY/IHYA/src/Pertemuan5/IHY_SOA.java</file>
            <file>file:/D:/KYY/IHYA/src/bang_limin.java</file>
            <file>file:/D:/KYY/IHYA/src/Segitiga_siku.java</file>
            <file>file:/D:/KYY/IHYA/src/Pertemuan5/PUSING.java</file>
            <file>file:/D:/KYY/IHYA/src/Pertemuan5/bang_limin.java</file>
            <file>file:/D:/KYY/IHYA/src/Pertemuan5/Array2D.java</file>
            <file>file:/D:/KYY/IHYA/src/Percabangan.java</file>
            <file>file:/D:/KYY/IHYA/src/Segitiga_Sama_Sisi.java</file>
            <file>file:/D:/KYY/IHYA/src/Scanner.java</file>
            <file>file:/D:/KYY/IHYA/src/Pertemuan5/TIPEDATA.java</file>
            <file>file:/D:/KYY/IHYA/src/Perulangan_SEGITIGA.java</file>
            <file>file:/D:/KYY/IHYA/src/TERNARY.java</file>
            <file>file:/D:/KYY/IHYA/src/BilanganPrima.java</file>
            <file>file:/D:/KYY/IHYA/src/Pertemuan5/Array1D.java</file>
        </group>
    </open-files>
</project-private>
